{"v":"4.10.1","fr":59.7270050048828,"ip":0,"op":149.001103918002,"w":712,"h":712,"nm":"nuvem_envio","ddd":0,"assets":[{"id":"comp_0","layers":[{"ddd":0,"ind":1,"ty":4,"nm":"Camada 4/parte_ciculo contornos","sr":1,"ks":{"o":{"a":1,"k":[{"i":{"x":[0.833],"y":[0.833]},"o":{"x":[0.167],"y":[0.167]},"n":["0p833_0p833_0p167_0p167"],"t":14,"s":[100],"e":[100]},{"i":{"x":[0.833],"y":[0.833]},"o":{"x":[0.167],"y":[0.167]},"n":["0p833_0p833_0p167_0p167"],"t":21,"s":[100],"e":[100]},{"t":27.0002000388326}],"ix":11},"r":{"a":0,"k":315.063,"ix":10},"p":{"a":1,"k":[{"i":{"x":0.833,"y":0.833},"o":{"x":0.167,"y":0.167},"n":"0p833_0p833_0p167_0p167","t":14,"s":[311.031,303,0],"e":[311.031,303,0],"to":[0,0,0],"ti":[0,0,0]},{"i":{"x":0.833,"y":0.833},"o":{"x":0.167,"y":0.167},"n":"0p833_0p833_0p167_0p167","t":21,"s":[311.031,303,0],"e":[311.031,303,0],"to":[0,0,0],"ti":[0,0,0]},{"t":27.0002000388326}],"ix":2},"a":{"a":0,"k":[260.031,182,0],"ix":1},"s":{"a":1,"k":[{"i":{"x":[0.833,0.833,0.833],"y":[0.833,0.833,0.833]},"o":{"x":[0.167,0.167,0.167],"y":[0.167,0.167,0.167]},"n":["0p833_0p833_0p167_0p167","0p833_0p833_0p167_0p167","0p833_0p833_0p167_0p167"],"t":14,"s":[2.111,2.111,100],"e":[105.774,105.774,100]},{"i":{"x":[0.833,0.833,0.833],"y":[0.833,0.833,0.833]},"o":{"x":[0.167,0.167,0.167],"y":[0.167,0.167,0.167]},"n":["0p833_0p833_0p167_0p167","0p833_0p833_0p167_0p167","0p833_0p833_0p167_0p167"],"t":21,"s":[105.774,105.774,100],"e":[100,100,100]},{"t":27.0002000388326}],"ix":6}},"ao":0,"shapes":[{"ty":"gr","it":[{"ind":0,"ty":"sh","ix":1,"ks":{"a":0,"k":{"i":[[0,0],[0,-70.693],[0,0]],"o":[[-47.077,46.327],[0,0],[0,0]],"v":[[-53.02,-90.51],[-129.5,90.51],[129.5,90.51]],"c":false},"ix":2},"nm":"Caminho 1","mn":"ADBE Vector Shape - Group","hd":false},{"ty":"fl","c":{"a":0,"k":[0.1176,0.7224,0.672,1],"ix":4},"o":{"a":0,"k":100,"ix":5},"r":1,"nm":"Preenchimento 1","mn":"ADBE Vector Graphic - Fill","hd":false},{"ty":"tr","p":{"a":0,"k":[129.75,90.76],"ix":2},"a":{"a":0,"k":[0,0],"ix":1},"s":{"a":0,"k":[100,100],"ix":3},"r":{"a":0,"k":0,"ix":6},"o":{"a":0,"k":100,"ix":7},"sk":{"a":0,"k":0,"ix":4},"sa":{"a":0,"k":0,"ix":5},"nm":"Transformar"}],"nm":"Grupo 1","np":2,"cix":2,"ix":1,"mn":"ADBE Vector Group","hd":false}],"ip":14.0001037238391,"op":323.002393057145,"st":14.0001037238391,"bm":0},{"ddd":0,"ind":2,"ty":4,"nm":"Camada 4/parte_ciculo contornos","sr":1,"ks":{"o":{"a":1,"k":[{"i":{"x":[0.833],"y":[0.833]},"o":{"x":[0.167],"y":[0.167]},"n":["0p833_0p833_0p167_0p167"],"t":12,"s":[100],"e":[100]},{"i":{"x":[0.833],"y":[0.833]},"o":{"x":[0.167],"y":[0.167]},"n":["0p833_0p833_0p167_0p167"],"t":19,"s":[100],"e":[100]},{"t":25.0001852211413}],"ix":11},"r":{"a":0,"k":270.06,"ix":10},"p":{"a":1,"k":[{"i":{"x":0.833,"y":0.833},"o":{"x":0.167,"y":0.167},"n":"0p833_0p833_0p167_0p167","t":12,"s":[308.031,302,0],"e":[308.031,302,0],"to":[0,0,0],"ti":[0,0,0]},{"i":{"x":0.833,"y":0.833},"o":{"x":0.167,"y":0.167},"n":"0p833_0p833_0p167_0p167","t":19,"s":[308.031,302,0],"e":[308.031,302,0],"to":[0,0,0],"ti":[0,0,0]},{"t":25.0001852211413}],"ix":2},"a":{"a":0,"k":[260.031,182,0],"ix":1},"s":{"a":1,"k":[{"i":{"x":[0.833,0.833,0.833],"y":[0.833,0.833,0.833]},"o":{"x":[0.167,0.167,0.167],"y":[0.167,0.167,0.167]},"n":["0p833_0p833_0p167_0p167","0p833_0p833_0p167_0p167","0p833_0p833_0p167_0p167"],"t":12,"s":[2.111,2.111,100],"e":[105.774,105.774,100]},{"i":{"x":[0.833,0.833,0.833],"y":[0.833,0.833,0.833]},"o":{"x":[0.167,0.167,0.167],"y":[0.167,0.167,0.167]},"n":["0p833_0p833_0p167_0p167","0p833_0p833_0p167_0p167","0p833_0p833_0p167_0p167"],"t":19,"s":[105.774,105.774,100],"e":[100,100,100]},{"t":25.0001852211413}],"ix":6}},"ao":0,"shapes":[{"ty":"gr","it":[{"ind":0,"ty":"sh","ix":1,"ks":{"a":0,"k":{"i":[[0,0],[0,-70.693],[0,0]],"o":[[-47.077,46.327],[0,0],[0,0]],"v":[[-53.02,-90.51],[-129.5,90.51],[129.5,90.51]],"c":false},"ix":2},"nm":"Caminho 1","mn":"ADBE Vector Shape - Group","hd":false},{"ty":"fl","c":{"a":0,"k":[0.1176,0.7224,0.672,1],"ix":4},"o":{"a":0,"k":100,"ix":5},"r":1,"nm":"Preenchimento 1","mn":"ADBE Vector Graphic - Fill","hd":false},{"ty":"tr","p":{"a":0,"k":[129.75,90.76],"ix":2},"a":{"a":0,"k":[0,0],"ix":1},"s":{"a":0,"k":[100,100],"ix":3},"r":{"a":0,"k":0,"ix":6},"o":{"a":0,"k":100,"ix":7},"sk":{"a":0,"k":0,"ix":4},"sa":{"a":0,"k":0,"ix":5},"nm":"Transformar"}],"nm":"Grupo 1","np":2,"cix":2,"ix":1,"mn":"ADBE Vector Group","hd":false}],"ip":12.0000889061478,"op":321.002378239454,"st":12.0000889061478,"bm":0},{"ddd":0,"ind":3,"ty":4,"nm":"Camada 4/parte_ciculo contornos","sr":1,"ks":{"o":{"a":1,"k":[{"i":{"x":[0.833],"y":[0.833]},"o":{"x":[0.167],"y":[0.167]},"n":["0p833_0p833_0p167_0p167"],"t":10,"s":[100],"e":[100]},{"i":{"x":[0.833],"y":[0.833]},"o":{"x":[0.167],"y":[0.167]},"n":["0p833_0p833_0p167_0p167"],"t":17,"s":[100],"e":[100]},{"t":23.00017040345}],"ix":11},"r":{"a":0,"k":225.245,"ix":10},"p":{"a":1,"k":[{"i":{"x":0.833,"y":0.833},"o":{"x":0.167,"y":0.167},"n":"0p833_0p833_0p167_0p167","t":10,"s":[305.031,304,0],"e":[305.031,304,0],"to":[0,0,0],"ti":[0,0,0]},{"i":{"x":0.833,"y":0.833},"o":{"x":0.167,"y":0.167},"n":"0p833_0p833_0p167_0p167","t":17,"s":[305.031,304,0],"e":[305.031,304,0],"to":[0,0,0],"ti":[0,0,0]},{"t":23.00017040345}],"ix":2},"a":{"a":0,"k":[260.031,182,0],"ix":1},"s":{"a":1,"k":[{"i":{"x":[0.833,0.833,0.833],"y":[0.833,0.833,0.833]},"o":{"x":[0.167,0.167,0.167],"y":[0.167,0.167,0.167]},"n":["0p833_0p833_0p167_0p167","0p833_0p833_0p167_0p167","0p833_0p833_0p167_0p167"],"t":10,"s":[2.111,2.111,100],"e":[105.774,105.774,100]},{"i":{"x":[0.833,0.833,0.833],"y":[0.833,0.833,0.833]},"o":{"x":[0.167,0.167,0.167],"y":[0.167,0.167,0.167]},"n":["0p833_0p833_0p167_0p167","0p833_0p833_0p167_0p167","0p833_0p833_0p167_0p167"],"t":17,"s":[105.774,105.774,100],"e":[100,100,100]},{"t":23.00017040345}],"ix":6}},"ao":0,"shapes":[{"ty":"gr","it":[{"ind":0,"ty":"sh","ix":1,"ks":{"a":0,"k":{"i":[[0,0],[0,-70.693],[0,0]],"o":[[-47.077,46.327],[0,0],[0,0]],"v":[[-53.02,-90.51],[-129.5,90.51],[129.5,90.51]],"c":false},"ix":2},"nm":"Caminho 1","mn":"ADBE Vector Shape - Group","hd":false},{"ty":"fl","c":{"a":0,"k":[0.1176,0.7224,0.672,1],"ix":4},"o":{"a":0,"k":100,"ix":5},"r":1,"nm":"Preenchimento 1","mn":"ADBE Vector Graphic - Fill","hd":false},{"ty":"tr","p":{"a":0,"k":[129.75,90.76],"ix":2},"a":{"a":0,"k":[0,0],"ix":1},"s":{"a":0,"k":[100,100],"ix":3},"r":{"a":0,"k":0,"ix":6},"o":{"a":0,"k":100,"ix":7},"sk":{"a":0,"k":0,"ix":4},"sa":{"a":0,"k":0,"ix":5},"nm":"Transformar"}],"nm":"Grupo 1","np":2,"cix":2,"ix":1,"mn":"ADBE Vector Group","hd":false}],"ip":10.0000740884565,"op":319.002363421763,"st":10.0000740884565,"bm":0},{"ddd":0,"ind":4,"ty":4,"nm":"Camada 4/parte_ciculo contornos","sr":1,"ks":{"o":{"a":1,"k":[{"i":{"x":[0.833],"y":[0.833]},"o":{"x":[0.167],"y":[0.167]},"n":["0p833_0p833_0p167_0p167"],"t":8,"s":[100],"e":[100]},{"i":{"x":[0.833],"y":[0.833]},"o":{"x":[0.167],"y":[0.167]},"n":["0p833_0p833_0p167_0p167"],"t":15,"s":[100],"e":[100]},{"t":21.0001555857587}],"ix":11},"r":{"a":0,"k":180.345,"ix":10},"p":{"a":1,"k":[{"i":{"x":0.833,"y":0.833},"o":{"x":0.167,"y":0.167},"n":"0p833_0p833_0p167_0p167","t":8,"s":[304.031,307,0],"e":[304.031,307,0],"to":[0,0,0],"ti":[0,0,0]},{"i":{"x":0.833,"y":0.833},"o":{"x":0.167,"y":0.167},"n":"0p833_0p833_0p167_0p167","t":15,"s":[304.031,307,0],"e":[304.031,307,0],"to":[0,0,0],"ti":[0,0,0]},{"t":21.0001555857587}],"ix":2},"a":{"a":0,"k":[260.031,182,0],"ix":1},"s":{"a":1,"k":[{"i":{"x":[0.833,0.833,0.833],"y":[0.833,0.833,0.833]},"o":{"x":[0.167,0.167,0.167],"y":[0.167,0.167,0.167]},"n":["0p833_0p833_0p167_0p167","0p833_0p833_0p167_0p167","0p833_0p833_0p167_0p167"],"t":8,"s":[2.111,2.111,100],"e":[105.774,105.774,100]},{"i":{"x":[0.833,0.833,0.833],"y":[0.833,0.833,0.833]},"o":{"x":[0.167,0.167,0.167],"y":[0.167,0.167,0.167]},"n":["0p833_0p833_0p167_0p167","0p833_0p833_0p167_0p167","0p833_0p833_0p167_0p167"],"t":15,"s":[105.774,105.774,100],"e":[100,100,100]},{"t":21.0001555857587}],"ix":6}},"ao":0,"shapes":[{"ty":"gr","it":[{"ind":0,"ty":"sh","ix":1,"ks":{"a":0,"k":{"i":[[0,0],[0,-70.693],[0,0]],"o":[[-47.077,46.327],[0,0],[0,0]],"v":[[-53.02,-90.51],[-129.5,90.51],[129.5,90.51]],"c":false},"ix":2},"nm":"Caminho 1","mn":"ADBE Vector Shape - Group","hd":false},{"ty":"fl","c":{"a":0,"k":[0.1176,0.7224,0.672,1],"ix":4},"o":{"a":0,"k":100,"ix":5},"r":1,"nm":"Preenchimento 1","mn":"ADBE Vector Graphic - Fill","hd":false},{"ty":"tr","p":{"a":0,"k":[129.75,90.76],"ix":2},"a":{"a":0,"k":[0,0],"ix":1},"s":{"a":0,"k":[100,100],"ix":3},"r":{"a":0,"k":0,"ix":6},"o":{"a":0,"k":100,"ix":7},"sk":{"a":0,"k":0,"ix":4},"sa":{"a":0,"k":0,"ix":5},"nm":"Transformar"}],"nm":"Grupo 1","np":2,"cix":2,"ix":1,"mn":"ADBE Vector Group","hd":false}],"ip":8.00005927076521,"op":317.002348604071,"st":8.00005927076521,"bm":0},{"ddd":0,"ind":5,"ty":4,"nm":"Camada 4/parte_ciculo contornos","sr":1,"ks":{"o":{"a":1,"k":[{"i":{"x":[0.833],"y":[0.833]},"o":{"x":[0.167],"y":[0.167]},"n":["0p833_0p833_0p167_0p167"],"t":6,"s":[100],"e":[100]},{"i":{"x":[0.833],"y":[0.833]},"o":{"x":[0.167],"y":[0.167]},"n":["0p833_0p833_0p167_0p167"],"t":13,"s":[100],"e":[100]},{"t":19.0001407680674}],"ix":11},"r":{"a":0,"k":134.718,"ix":10},"p":{"a":1,"k":[{"i":{"x":0.833,"y":0.833},"o":{"x":0.167,"y":0.167},"n":"0p833_0p833_0p167_0p167","t":6,"s":[305.031,312,0],"e":[305.031,312,0],"to":[0,0,0],"ti":[0,0,0]},{"i":{"x":0.833,"y":0.833},"o":{"x":0.167,"y":0.167},"n":"0p833_0p833_0p167_0p167","t":13,"s":[305.031,312,0],"e":[305.031,312,0],"to":[0,0,0],"ti":[0,0,0]},{"t":19.0001407680674}],"ix":2},"a":{"a":0,"k":[260.031,182,0],"ix":1},"s":{"a":1,"k":[{"i":{"x":[0.833,0.833,0.833],"y":[0.833,0.833,0.833]},"o":{"x":[0.167,0.167,0.167],"y":[0.167,0.167,0.167]},"n":["0p833_0p833_0p167_0p167","0p833_0p833_0p167_0p167","0p833_0p833_0p167_0p167"],"t":6,"s":[2.111,2.111,100],"e":[105.774,105.774,100]},{"i":{"x":[0.833,0.833,0.833],"y":[0.833,0.833,0.833]},"o":{"x":[0.167,0.167,0.167],"y":[0.167,0.167,0.167]},"n":["0p833_0p833_0p167_0p167","0p833_0p833_0p167_0p167","0p833_0p833_0p167_0p167"],"t":13,"s":[105.774,105.774,100],"e":[100,100,100]},{"t":19.0001407680674}],"ix":6}},"ao":0,"shapes":[{"ty":"gr","it":[{"ind":0,"ty":"sh","ix":1,"ks":{"a":0,"k":{"i":[[0,0],[0,-70.693],[0,0]],"o":[[-47.077,46.327],[0,0],[0,0]],"v":[[-53.02,-90.51],[-129.5,90.51],[129.5,90.51]],"c":false},"ix":2},"nm":"Caminho 1","mn":"ADBE Vector Shape - Group","hd":false},{"ty":"fl","c":{"a":0,"k":[0.1176,0.7224,0.672,1],"ix":4},"o":{"a":0,"k":100,"ix":5},"r":1,"nm":"Preenchimento 1","mn":"ADBE Vector Graphic - Fill","hd":false},{"ty":"tr","p":{"a":0,"k":[129.75,90.76],"ix":2},"a":{"a":0,"k":[0,0],"ix":1},"s":{"a":0,"k":[100,100],"ix":3},"r":{"a":0,"k":0,"ix":6},"o":{"a":0,"k":100,"ix":7},"sk":{"a":0,"k":0,"ix":4},"sa":{"a":0,"k":0,"ix":5},"nm":"Transformar"}],"nm":"Grupo 1","np":2,"cix":2,"ix":1,"mn":"ADBE Vector Group","hd":false}],"ip":6.0000444530739,"op":315.00233378638,"st":6.0000444530739,"bm":0},{"ddd":0,"ind":6,"ty":4,"nm":"Camada 4/parte_ciculo contornos","sr":1,"ks":{"o":{"a":1,"k":[{"i":{"x":[0.833],"y":[0.833]},"o":{"x":[0.167],"y":[0.167]},"n":["0p833_0p833_0p167_0p167"],"t":4,"s":[100],"e":[100]},{"i":{"x":[0.833],"y":[0.833]},"o":{"x":[0.167],"y":[0.167]},"n":["0p833_0p833_0p167_0p167"],"t":11,"s":[100],"e":[100]},{"t":17.0001259503761}],"ix":11},"r":{"a":0,"k":89.715,"ix":10},"p":{"a":1,"k":[{"i":{"x":0.833,"y":0.833},"o":{"x":0.167,"y":0.167},"n":"0p833_0p833_0p167_0p167","t":4,"s":[308.031,313,0],"e":[308.031,313,0],"to":[0,0,0],"ti":[0,0,0]},{"i":{"x":0.833,"y":0.833},"o":{"x":0.167,"y":0.167},"n":"0p833_0p833_0p167_0p167","t":11,"s":[308.031,313,0],"e":[308.031,313,0],"to":[0,0,0],"ti":[0,0,0]},{"t":17.0001259503761}],"ix":2},"a":{"a":0,"k":[260.031,182,0],"ix":1},"s":{"a":1,"k":[{"i":{"x":[0.833,0.833,0.833],"y":[0.833,0.833,0.833]},"o":{"x":[0.167,0.167,0.167],"y":[0.167,0.167,0.167]},"n":["0p833_0p833_0p167_0p167","0p833_0p833_0p167_0p167","0p833_0p833_0p167_0p167"],"t":4,"s":[2.111,2.111,100],"e":[105.774,105.774,100]},{"i":{"x":[0.833,0.833,0.833],"y":[0.833,0.833,0.833]},"o":{"x":[0.167,0.167,0.167],"y":[0.167,0.167,0.167]},"n":["0p833_0p833_0p167_0p167","0p833_0p833_0p167_0p167","0p833_0p833_0p167_0p167"],"t":11,"s":[105.774,105.774,100],"e":[100,100,100]},{"t":17.0001259503761}],"ix":6}},"ao":0,"shapes":[{"ty":"gr","it":[{"ind":0,"ty":"sh","ix":1,"ks":{"a":0,"k":{"i":[[0,0],[0,-70.693],[0,0]],"o":[[-47.077,46.327],[0,0],[0,0]],"v":[[-53.02,-90.51],[-129.5,90.51],[129.5,90.51]],"c":false},"ix":2},"nm":"Caminho 1","mn":"ADBE Vector Shape - Group","hd":false},{"ty":"fl","c":{"a":0,"k":[0.1176,0.7224,0.672,1],"ix":4},"o":{"a":0,"k":100,"ix":5},"r":1,"nm":"Preenchimento 1","mn":"ADBE Vector Graphic - Fill","hd":false},{"ty":"tr","p":{"a":0,"k":[129.75,90.76],"ix":2},"a":{"a":0,"k":[0,0],"ix":1},"s":{"a":0,"k":[100,100],"ix":3},"r":{"a":0,"k":0,"ix":6},"o":{"a":0,"k":100,"ix":7},"sk":{"a":0,"k":0,"ix":4},"sa":{"a":0,"k":0,"ix":5},"nm":"Transformar"}],"nm":"Grupo 1","np":2,"cix":2,"ix":1,"mn":"ADBE Vector Group","hd":false}],"ip":4.0000296353826,"op":313.002318968689,"st":4.0000296353826,"bm":0},{"ddd":0,"ind":7,"ty":4,"nm":"Camada 4/parte_ciculo contornos","sr":1,"ks":{"o":{"a":1,"k":[{"i":{"x":[0.833],"y":[0.833]},"o":{"x":[0.167],"y":[0.167]},"n":["0p833_0p833_0p167_0p167"],"t":2,"s":[100],"e":[100]},{"i":{"x":[0.833],"y":[0.833]},"o":{"x":[0.167],"y":[0.167]},"n":["0p833_0p833_0p167_0p167"],"t":9,"s":[100],"e":[100]},{"t":15.0001111326848}],"ix":11},"r":{"a":0,"k":44.9,"ix":10},"p":{"a":1,"k":[{"i":{"x":0.833,"y":0.833},"o":{"x":0.167,"y":0.167},"n":"0p833_0p833_0p167_0p167","t":2,"s":[310.031,311,0],"e":[310.031,311,0],"to":[0,0,0],"ti":[0,0,0]},{"i":{"x":0.833,"y":0.833},"o":{"x":0.167,"y":0.167},"n":"0p833_0p833_0p167_0p167","t":9,"s":[310.031,311,0],"e":[310.031,311,0],"to":[0,0,0],"ti":[0,0,0]},{"t":15.0001111326848}],"ix":2},"a":{"a":0,"k":[260.031,182,0],"ix":1},"s":{"a":1,"k":[{"i":{"x":[0.833,0.833,0.833],"y":[0.833,0.833,0.833]},"o":{"x":[0.167,0.167,0.167],"y":[0.167,0.167,0.167]},"n":["0p833_0p833_0p167_0p167","0p833_0p833_0p167_0p167","0p833_0p833_0p167_0p167"],"t":2,"s":[2.111,2.111,100],"e":[105.774,105.774,100]},{"i":{"x":[0.833,0.833,0.833],"y":[0.833,0.833,0.833]},"o":{"x":[0.167,0.167,0.167],"y":[0.167,0.167,0.167]},"n":["0p833_0p833_0p167_0p167","0p833_0p833_0p167_0p167","0p833_0p833_0p167_0p167"],"t":9,"s":[105.774,105.774,100],"e":[100,100,100]},{"t":15.0001111326848}],"ix":6}},"ao":0,"shapes":[{"ty":"gr","it":[{"ind":0,"ty":"sh","ix":1,"ks":{"a":0,"k":{"i":[[0,0],[0,-70.693],[0,0]],"o":[[-47.077,46.327],[0,0],[0,0]],"v":[[-53.02,-90.51],[-129.5,90.51],[129.5,90.51]],"c":false},"ix":2},"nm":"Caminho 1","mn":"ADBE Vector Shape - Group","hd":false},{"ty":"fl","c":{"a":0,"k":[0.1176,0.7224,0.672,1],"ix":4},"o":{"a":0,"k":100,"ix":5},"r":1,"nm":"Preenchimento 1","mn":"ADBE Vector Graphic - Fill","hd":false},{"ty":"tr","p":{"a":0,"k":[129.75,90.76],"ix":2},"a":{"a":0,"k":[0,0],"ix":1},"s":{"a":0,"k":[100,100],"ix":3},"r":{"a":0,"k":0,"ix":6},"o":{"a":0,"k":100,"ix":7},"sk":{"a":0,"k":0,"ix":4},"sa":{"a":0,"k":0,"ix":5},"nm":"Transformar"}],"nm":"Grupo 1","np":2,"cix":2,"ix":1,"mn":"ADBE Vector Group","hd":false}],"ip":2.0000148176913,"op":311.002304150997,"st":2.0000148176913,"bm":0},{"ddd":0,"ind":8,"ty":4,"nm":"Camada 4/parte_ciculo contornos","sr":1,"ks":{"o":{"a":1,"k":[{"i":{"x":[0.833],"y":[0.833]},"o":{"x":[0.167],"y":[0.167]},"n":["0p833_0p833_0p167_0p167"],"t":0,"s":[100],"e":[100]},{"i":{"x":[0.833],"y":[0.833]},"o":{"x":[0.167],"y":[0.167]},"n":["0p833_0p833_0p167_0p167"],"t":7,"s":[100],"e":[100]},{"t":13.0000963149935}],"ix":11},"r":{"a":0,"k":0,"ix":10},"p":{"a":1,"k":[{"i":{"x":0.833,"y":0.833},"o":{"x":0.167,"y":0.167},"n":"0p833_0p833_0p167_0p167","t":0,"s":[312.031,307,0],"e":[312.031,307,0],"to":[0,0,0],"ti":[0,0,0]},{"i":{"x":0.833,"y":0.833},"o":{"x":0.167,"y":0.167},"n":"0p833_0p833_0p167_0p167","t":7,"s":[312.031,307,0],"e":[312.031,307,0],"to":[0,0,0],"ti":[0,0,0]},{"t":13.0000963149935}],"ix":2},"a":{"a":0,"k":[260.031,182,0],"ix":1},"s":{"a":1,"k":[{"i":{"x":[0.833,0.833,0.833],"y":[0.833,0.833,0.833]},"o":{"x":[0.167,0.167,0.167],"y":[0.167,0.167,0.167]},"n":["0p833_0p833_0p167_0p167","0p833_0p833_0p167_0p167","0p833_0p833_0p167_0p167"],"t":0,"s":[2.111,2.111,100],"e":[105.774,105.774,100]},{"i":{"x":[0.833,0.833,0.833],"y":[0.833,0.833,0.833]},"o":{"x":[0.167,0.167,0.167],"y":[0.167,0.167,0.167]},"n":["0p833_0p833_0p167_0p167","0p833_0p833_0p167_0p167","0p833_0p833_0p167_0p167"],"t":7,"s":[105.774,105.774,100],"e":[100,100,100]},{"t":13.0000963149935}],"ix":6}},"ao":0,"shapes":[{"ty":"gr","it":[{"ind":0,"ty":"sh","ix":1,"ks":{"a":0,"k":{"i":[[0,0],[0,-70.693],[0,0]],"o":[[-47.077,46.327],[0,0],[0,0]],"v":[[-53.02,-90.51],[-129.5,90.51],[129.5,90.51]],"c":false},"ix":2},"nm":"Caminho 1","mn":"ADBE Vector Shape - Group","hd":false},{"ty":"fl","c":{"a":0,"k":[0.1176,0.7224,0.672,1],"ix":4},"o":{"a":0,"k":100,"ix":5},"r":1,"nm":"Preenchimento 1","mn":"ADBE Vector Graphic - Fill","hd":false},{"ty":"tr","p":{"a":0,"k":[129.75,90.76],"ix":2},"a":{"a":0,"k":[0,0],"ix":1},"s":{"a":0,"k":[100,100],"ix":3},"r":{"a":0,"k":0,"ix":6},"o":{"a":0,"k":100,"ix":7},"sk":{"a":0,"k":0,"ix":4},"sa":{"a":0,"k":0,"ix":5},"nm":"Transformar"}],"nm":"Grupo 1","np":2,"cix":2,"ix":1,"mn":"ADBE Vector Group","hd":false}],"ip":0,"op":309.002289333306,"st":0,"bm":0}]}],"layers":[{"ddd":0,"ind":1,"ty":4,"nm":"Camada 2 contornos","sr":1,"ks":{"o":{"a":0,"k":100,"ix":11},"r":{"a":1,"k":[{"i":{"x":[0.833],"y":[0.833]},"o":{"x":[0.167],"y":[0.167]},"n":["0p833_0p833_0p167_0p167"],"t":18,"s":[0],"e":[0]},{"i":{"x":[0.667],"y":[1]},"o":{"x":[0.167],"y":[0]},"n":["0p667_1_0p167_0"],"t":33,"s":[0],"e":[0]},{"t":70.0005186191955}],"ix":10},"p":{"a":1,"k":[{"i":{"x":0.833,"y":0.833},"o":{"x":0.167,"y":0.167},"n":"0p833_0p833_0p167_0p167","t":18,"s":[385.307,422.92,0],"e":[385.307,422.92,0],"to":[0,0,0],"ti":[0,0,0]},{"i":{"x":0.667,"y":0.667},"o":{"x":0.167,"y":0.167},"n":"0p667_0p667_0p167_0p167","t":33,"s":[385.307,422.92,0],"e":[385.307,422.92,0],"to":[0,0,0],"ti":[0,0,0]},{"i":{"x":0.667,"y":1},"o":{"x":0.167,"y":0.167},"n":"0p667_1_0p167_0p167","t":70.001,"s":[385.307,422.92,0],"e":[385.307,440.92,0],"to":[0,3,0],"ti":[0,5.83333349227905,0]},{"i":{"x":0.667,"y":1},"o":{"x":0.167,"y":0.167},"n":"0p667_1_0p167_0p167","t":90.001,"s":[385.307,440.92,0],"e":[385.307,387.92,0],"to":[0,-5.83333349227905,0],"ti":[0,12.6666669845581,0]},{"i":{"x":0.667,"y":1},"o":{"x":0.167,"y":0.167},"n":"0p667_1_0p167_0p167","t":103.001,"s":[385.307,387.92,0],"e":[385.307,364.92,0],"to":[0,-12.6666669845581,0],"ti":[0,-7.83333349227905,0]},{"i":{"x":0.667,"y":1},"o":{"x":0.167,"y":0.167},"n":"0p667_1_0p167_0p167","t":110.001,"s":[385.307,364.92,0],"e":[385.307,434.92,0],"to":[0,7.83333349227905,0],"ti":[0,-9.66666698455811,0]},{"i":{"x":0.667,"y":1},"o":{"x":0.167,"y":0.167},"n":"0p667_1_0p167_0p167","t":119.001,"s":[385.307,434.92,0],"e":[385.307,422.92,0],"to":[0,9.66666698455811,0],"ti":[0,2,0]},{"t":125.000926105706}],"ix":2},"a":{"a":0,"k":[66.645,89.753,0],"ix":1},"s":{"a":1,"k":[{"i":{"x":[0.833,0.833,0.833],"y":[0.833,0.833,0.833]},"o":{"x":[0.167,0.167,0.167],"y":[0.167,0.167,0.167]},"n":["0p833_0p833_0p167_0p167","0p833_0p833_0p167_0p167","0p833_0p833_0p167_0p167"],"t":18,"s":[100,100,100],"e":[80,80,100]},{"i":{"x":[0.833,0.833,0.833],"y":[0.833,0.833,0.833]},"o":{"x":[0.167,0.167,0.167],"y":[0.167,0.167,0.167]},"n":["0p833_0p833_0p167_0p167","0p833_0p833_0p167_0p167","0p833_0p833_0p167_0p167"],"t":33,"s":[80,80,100],"e":[104,104,100]},{"i":{"x":[0.833,0.833,0.833],"y":[0.833,0.833,0.833]},"o":{"x":[0.167,0.167,0.167],"y":[0.167,0.167,0.167]},"n":["0p833_0p833_0p167_0p167","0p833_0p833_0p167_0p167","0p833_0p833_0p167_0p167"],"t":49,"s":[104,104,100],"e":[100,100,100]},{"i":{"x":[0.667,0.667,0.667],"y":[1,1,1]},"o":{"x":[0.167,0.167,0.167],"y":[0,0,0]},"n":["0p667_1_0p167_0","0p667_1_0p167_0","0p667_1_0p167_0"],"t":60,"s":[100,100,100],"e":[100,100,100]},{"i":{"x":[0.667,0.667,0.667],"y":[1,1,1]},"o":{"x":[0.167,0.167,0.167],"y":[0.167,0.167,0.641]},"n":["0p667_1_0p167_0p167","0p667_1_0p167_0p167","0p667_1_0p167_0p641"],"t":70.001,"s":[100,100,100],"e":[116.568,79.889,100]},{"i":{"x":[0.667,0.667,0.667],"y":[1,1,1]},"o":{"x":[0.167,0.167,0.167],"y":[0.167,0.167,0]},"n":["0p667_1_0p167_0p167","0p667_1_0p167_0p167","0p667_1_0p167_0"],"t":90.001,"s":[116.568,79.889,100],"e":[80.42,107.821,100]},{"i":{"x":[0.667,0.667,0.667],"y":[1,1,1]},"o":{"x":[0.167,0.167,0.167],"y":[0.167,0.167,0]},"n":["0p667_1_0p167_0p167","0p667_1_0p167_0p167","0p667_1_0p167_0"],"t":103.001,"s":[80.42,107.821,100],"e":[77.408,111.173,100]},{"i":{"x":[0.667,0.667,0.667],"y":[1,1,1]},"o":{"x":[0.167,0.167,0.167],"y":[0.167,0.167,0]},"n":["0p667_1_0p167_0p167","0p667_1_0p167_0p167","0p667_1_0p167_0"],"t":110.001,"s":[77.408,111.173,100],"e":[121,87,100]},{"i":{"x":[0.667,0.667,0.667],"y":[1,1,1]},"o":{"x":[0.167,0.167,0.167],"y":[0.167,0.167,0]},"n":["0p667_1_0p167_0p167","0p667_1_0p167_0p167","0p667_1_0p167_0"],"t":119.001,"s":[121,87,100],"e":[100,100,100]},{"t":125.000926105706}],"ix":6}},"ao":0,"shapes":[{"ty":"gr","it":[{"ind":0,"ty":"sh","ix":1,"ks":{"a":0,"k":{"i":[[0,0],[0,0],[0,0],[0,0],[0,0],[0,0]],"o":[[0,0],[0,0],[0,0],[0,0],[0,0],[0,0]],"v":[[33.21,-23.133],[-33.161,-89.502],[-33.21,-89.454],[-33.21,89.502],[4.383,89.502],[4.383,-23.133]],"c":true},"ix":2},"nm":"Caminho 1","mn":"ADBE Vector Shape - Group","hd":false},{"ty":"fl","c":{"a":0,"k":[0.181,0.919,0.8575,1],"ix":4},"o":{"a":0,"k":100,"ix":5},"r":1,"nm":"Preenchimento 1","mn":"ADBE Vector Graphic - Fill","hd":false},{"ty":"tr","p":{"a":0,"k":[99.83,89.753],"ix":2},"a":{"a":0,"k":[0,0],"ix":1},"s":{"a":0,"k":[100,100],"ix":3},"r":{"a":0,"k":0,"ix":6},"o":{"a":0,"k":100,"ix":7},"sk":{"a":0,"k":0,"ix":4},"sa":{"a":0,"k":0,"ix":5},"nm":"Transformar"}],"nm":"Grupo 1","np":2,"cix":2,"ix":1,"mn":"ADBE Vector Group","hd":false},{"ty":"gr","it":[{"ind":0,"ty":"sh","ix":1,"ks":{"a":0,"k":{"i":[[0,0],[0,0],[0,0],[0,0],[0,0],[0,0],[0,0]],"o":[[0,0],[0,0],[0,0],[0,0],[0,0],[0,0],[0,0]],"v":[[37.545,89.503],[37.545,-23.133],[66.37,-23.133],[0,-89.503],[-66.37,-23.133],[-37.545,-23.133],[-37.545,89.503]],"c":true},"ix":2},"nm":"Caminho 1","mn":"ADBE Vector Shape - Group","hd":false},{"ty":"fl","c":{"a":0,"k":[0.1,1,0.925,1],"ix":4},"o":{"a":0,"k":100,"ix":5},"r":1,"nm":"Preenchimento 1","mn":"ADBE Vector Graphic - Fill","hd":false},{"ty":"tr","p":{"a":0,"k":[66.62,89.753],"ix":2},"a":{"a":0,"k":[0,0],"ix":1},"s":{"a":0,"k":[100,100],"ix":3},"r":{"a":0,"k":0,"ix":6},"o":{"a":0,"k":100,"ix":7},"sk":{"a":0,"k":0,"ix":4},"sa":{"a":0,"k":0,"ix":5},"nm":"Transformar"}],"nm":"Grupo 2","np":2,"cix":2,"ix":2,"mn":"ADBE Vector Group","hd":false}],"ip":0,"op":150.001111326848,"st":0,"bm":0},{"ddd":0,"ind":2,"ty":4,"nm":"Camada 3 contornos","sr":1,"ks":{"o":{"a":0,"k":100,"ix":11},"r":{"a":1,"k":[{"i":{"x":[0.833],"y":[0.833]},"o":{"x":[0.167],"y":[0.167]},"n":["0p833_0p833_0p167_0p167"],"t":8,"s":[0],"e":[0]},{"i":{"x":[0.667],"y":[1]},"o":{"x":[0.167],"y":[0]},"n":["0p667_1_0p167_0"],"t":27,"s":[0],"e":[0]},{"t":70.0005186191955}],"ix":10},"p":{"a":1,"k":[{"i":{"x":0.833,"y":0.833},"o":{"x":0.167,"y":0.167},"n":"0p833_0p833_0p167_0p167","t":8,"s":[348.889,327.556,0],"e":[348.889,327.556,0],"to":[0,0,0],"ti":[0,0,0]},{"i":{"x":0.667,"y":0.667},"o":{"x":0.167,"y":0.167},"n":"0p667_0p667_0p167_0p167","t":27,"s":[348.889,327.556,0],"e":[348.889,327.556,0],"to":[0,0,0],"ti":[0,0,0]},{"i":{"x":0.667,"y":1},"o":{"x":0.167,"y":0.167},"n":"0p667_1_0p167_0p167","t":70.001,"s":[348.889,327.556,0],"e":[348.889,336.556,0],"to":[0,1.5,0],"ti":[0,0.16666667163372,0]},{"i":{"x":0.667,"y":1},"o":{"x":0.167,"y":0.167},"n":"0p667_1_0p167_0p167","t":90.001,"s":[348.889,336.556,0],"e":[348.889,326.556,0],"to":[0,-0.16666667163372,0],"ti":[0,1.5,0]},{"i":{"x":0.667,"y":1},"o":{"x":0.167,"y":0.167},"n":"0p667_1_0p167_0p167","t":103.001,"s":[348.889,326.556,0],"e":[348.889,324.434,0],"to":[0,-0.752297103405,0],"ti":[0,-0.41921588778496,0]},{"i":{"x":0.667,"y":1},"o":{"x":0.167,"y":0.167},"n":"0p667_1_0p167_0p167","t":110.001,"s":[348.889,324.434,0],"e":[348.889,327.556,0],"to":[0,0.41665574908257,0],"ti":[0,-0.08307809382677,0]},{"i":{"x":0.667,"y":0.667},"o":{"x":0.167,"y":0.167},"n":"0p667_0p667_0p167_0p167","t":119.001,"s":[348.889,327.556,0],"e":[348.889,327.556,0],"to":[0,0,0],"ti":[0,0,0]},{"t":125.000926105706}],"ix":2},"a":{"a":0,"k":[178.028,114.028,0],"ix":1},"s":{"a":1,"k":[{"i":{"x":[0.833,0.833,0.833],"y":[0.833,0.833,0.833]},"o":{"x":[0.167,0.167,0.167],"y":[0.167,0.167,0.167]},"n":["0p833_0p833_0p167_0p167","0p833_0p833_0p167_0p167","0p833_0p833_0p167_0p167"],"t":8,"s":[100,100,100],"e":[80,80,100]},{"i":{"x":[0.833,0.833,0.833],"y":[0.833,0.833,0.833]},"o":{"x":[0.167,0.167,0.167],"y":[0.167,0.167,0.167]},"n":["0p833_0p833_0p167_0p167","0p833_0p833_0p167_0p167","0p833_0p833_0p167_0p167"],"t":27,"s":[80,80,100],"e":[104,104,100]},{"i":{"x":[0.833,0.833,0.833],"y":[0.833,0.833,0.833]},"o":{"x":[0.167,0.167,0.167],"y":[0.167,0.167,0.167]},"n":["0p833_0p833_0p167_0p167","0p833_0p833_0p167_0p167","0p833_0p833_0p167_0p167"],"t":47,"s":[104,104,100],"e":[100,100,100]},{"i":{"x":[0.667,0.667,0.667],"y":[1,1,1]},"o":{"x":[0.167,0.167,0.167],"y":[0,0,0.641]},"n":["0p667_1_0p167_0","0p667_1_0p167_0","0p667_1_0p167_0p641"],"t":58,"s":[100,100,100],"e":[100,100,100]},{"i":{"x":[0.667,0.667,0.667],"y":[1,1,1]},"o":{"x":[0.167,0.167,0.167],"y":[0.167,0.167,0]},"n":["0p667_1_0p167_0p167","0p667_1_0p167_0p167","0p667_1_0p167_0"],"t":70.001,"s":[100,100,100],"e":[100.562,98.242,100]},{"i":{"x":[0.667,0.667,0.667],"y":[1,1,1]},"o":{"x":[0.167,0.167,0.167],"y":[0.167,0.167,0]},"n":["0p667_1_0p167_0p167","0p667_1_0p167_0p167","0p667_1_0p167_0"],"t":90.001,"s":[100.562,98.242,100],"e":[98.875,100.879,100]},{"i":{"x":[0.667,0.667,0.667],"y":[1,1,1]},"o":{"x":[0.167,0.167,0.167],"y":[0,0,0]},"n":["0p667_1_0p167_0","0p667_1_0p167_0","0p667_1_0p167_0"],"t":103.001,"s":[98.875,100.879,100],"e":[98.875,100.879,100]},{"i":{"x":[0.667,0.667,0.667],"y":[1,1,1]},"o":{"x":[0.167,0.167,0.167],"y":[0.167,0.167,0]},"n":["0p667_1_0p167_0p167","0p667_1_0p167_0p167","0p667_1_0p167_0"],"t":110.001,"s":[98.875,100.879,100],"e":[100.562,98.242,100]},{"i":{"x":[0.667,0.667,0.667],"y":[1,1,1]},"o":{"x":[0.167,0.167,0.167],"y":[0.167,0.167,0]},"n":["0p667_1_0p167_0p167","0p667_1_0p167_0p167","0p667_1_0p167_0"],"t":119.001,"s":[100.562,98.242,100],"e":[100,100,100]},{"t":125.000926105706}],"ix":6}},"ao":0,"shapes":[{"ty":"gr","it":[{"ind":0,"ty":"sh","ix":1,"ks":{"a":0,"k":{"i":[[47.129,0],[1.598,-0.09],[37.205,0],[0,0],[0,0],[0,47.128]],"o":[[-1.62,0],[-11.678,-33.214],[0,0],[0,0],[47.129,0],[0,-47.127]],"v":[[0,-56.889],[-4.826,-56.744],[-85.333,-113.778],[-85.333,113.778],[0,113.778],[85.333,28.444]],"c":true},"ix":2},"nm":"Caminho 1","mn":"ADBE Vector Shape - Group","hd":false},{"ty":"fl","c":{"a":0,"k":[0.8146,0.8254,0.8234,1],"ix":4},"o":{"a":0,"k":100,"ix":5},"r":1,"nm":"Preenchimento 1","mn":"ADBE Vector Graphic - Fill","hd":false},{"ty":"tr","p":{"a":0,"k":[270.472,114.028],"ix":2},"a":{"a":0,"k":[0,0],"ix":1},"s":{"a":0,"k":[100,100],"ix":3},"r":{"a":0,"k":0,"ix":6},"o":{"a":0,"k":100,"ix":7},"sk":{"a":0,"k":0,"ix":4},"sa":{"a":0,"k":0,"ix":5},"nm":"Transformar"}],"nm":"Grupo 1","np":2,"cix":2,"ix":1,"mn":"ADBE Vector Group","hd":false},{"ty":"gr","it":[{"ind":0,"ty":"sh","ix":1,"ks":{"a":0,"k":{"i":[[0,0],[0,47.128],[47.129,0],[1.598,-0.09],[37.205,0],[5.418,-41.908],[7.668,0],[0,-43.201],[-43.201,0]],"o":[[47.129,0],[0,-47.128],[-1.62,0],[-11.678,-33.215],[-43.384,0],[-7.001,-2.057],[-43.201,0],[0,43.201],[0,0]],"v":[[92.444,113.777],[177.778,28.445],[92.444,-56.89],[87.619,-56.743],[7.111,-113.777],[-77.486,-39.488],[-99.556,-42.667],[-177.778,35.555],[-99.556,113.777]],"c":true},"ix":2},"nm":"Caminho 1","mn":"ADBE Vector Shape - Group","hd":false},{"ty":"fl","c":{"a":0,"k":[1,1,1,1],"ix":4},"o":{"a":0,"k":100,"ix":5},"r":1,"nm":"Preenchimento 1","mn":"ADBE Vector Graphic - Fill","hd":false},{"ty":"tr","p":{"a":0,"k":[178.028,114.028],"ix":2},"a":{"a":0,"k":[0,0],"ix":1},"s":{"a":0,"k":[100,100],"ix":3},"r":{"a":0,"k":0,"ix":6},"o":{"a":0,"k":100,"ix":7},"sk":{"a":0,"k":0,"ix":4},"sa":{"a":0,"k":0,"ix":5},"nm":"Transformar"}],"nm":"Grupo 2","np":2,"cix":2,"ix":2,"mn":"ADBE Vector Group","hd":false}],"ip":0,"op":150.001111326848,"st":0,"bm":0},{"ddd":0,"ind":3,"ty":4,"nm":"Camada 5 contornos 2","sr":1,"ks":{"o":{"a":0,"k":100,"ix":11},"r":{"a":1,"k":[{"i":{"x":[0.833],"y":[0.833]},"o":{"x":[0.167],"y":[0.167]},"n":["0p833_0p833_0p167_0p167"],"t":0,"s":[0],"e":[0]},{"t":17.0001259503761}],"ix":10},"p":{"a":1,"k":[{"i":{"x":0.833,"y":0.833},"o":{"x":0.167,"y":0.167},"n":"0p833_0p833_0p167_0p167","t":0,"s":[400.504,452.817,0],"e":[391.504,434.817,0],"to":[-1.5,-3,0],"ti":[-0.33333334326744,-0.66666668653488,0]},{"i":{"x":0.833,"y":0.833},"o":{"x":0.167,"y":0.167},"n":"0p833_0p833_0p167_0p167","t":17,"s":[391.504,434.817,0],"e":[402.504,456.817,0],"to":[0.33333334326744,0.66666668653488,0],"ti":[-1.5,-3,0]},{"i":{"x":0.833,"y":0.833},"o":{"x":0.167,"y":0.167},"n":"0p833_0p833_0p167_0p167","t":37,"s":[402.504,456.817,0],"e":[400.504,452.817,0],"to":[1.5,3,0],"ti":[0.33333334326744,0.66666668653488,0]},{"t":48.0003556245912}],"ix":2},"a":{"a":0,"k":[207.637,157.688,0],"ix":1},"s":{"a":1,"k":[{"i":{"x":[0.833,0.833,0.833],"y":[0.833,0.833,0.833]},"o":{"x":[0.167,0.167,0.167],"y":[0.167,0.167,0.167]},"n":["0p833_0p833_0p167_0p167","0p833_0p833_0p167_0p167","0p833_0p833_0p167_0p167"],"t":0,"s":[100,100,100],"e":[80,80,100]},{"i":{"x":[0.833,0.833,0.833],"y":[0.833,0.833,0.833]},"o":{"x":[0.167,0.167,0.167],"y":[0.167,0.167,0.167]},"n":["0p833_0p833_0p167_0p167","0p833_0p833_0p167_0p167","0p833_0p833_0p167_0p167"],"t":17,"s":[80,80,100],"e":[104,104,100]},{"i":{"x":[0.833,0.833,0.833],"y":[0.833,0.833,0.833]},"o":{"x":[0.167,0.167,0.167],"y":[0.167,0.167,0.167]},"n":["0p833_0p833_0p167_0p167","0p833_0p833_0p167_0p167","0p833_0p833_0p167_0p167"],"t":37,"s":[104,104,100],"e":[100,100,100]},{"t":48.0003556245912}],"ix":6}},"ao":0,"shapes":[{"ty":"gr","it":[{"ind":0,"ty":"sh","ix":1,"ks":{"a":1,"k":[{"i":{"x":0.833,"y":0.833},"o":{"x":0.167,"y":0.167},"n":"0p833_0p833_0p167_0p167","t":0,"s":[{"i":[[0,0],[0,0],[-19.885,109.877],[0,0]],"o":[[0,0],[112.108,-13.039],[0,0],[0,0]],"v":[[-207.387,-35.334],[-14.617,157.438],[207.387,-50.931],[100.88,-157.437]],"c":true}],"e":[{"i":[[0,0],[0,0],[-19.885,109.877],[0,0]],"o":[[0,0],[112.108,-13.039],[0,0],[0,0]],"v":[[-207.387,-35.334],[-14.617,157.438],[207.387,-50.931],[100.88,-157.437]],"c":true}]},{"i":{"x":0.833,"y":0.833},"o":{"x":0.167,"y":0.167},"n":"0p833_0p833_0p167_0p167","t":20,"s":[{"i":[[0,0],[0,0],[-19.885,109.877],[0,0]],"o":[[0,0],[112.108,-13.039],[0,0],[0,0]],"v":[[-207.387,-35.334],[-14.617,157.438],[207.387,-50.931],[100.88,-157.437]],"c":true}],"e":[{"i":[[0,0],[0,0],[-19.885,109.877],[0,0]],"o":[[0,0],[112.108,-13.039],[0,0],[0,0]],"v":[[-183.474,-49.464],[-14.617,157.437],[207.387,-50.931],[84.575,-150.916]],"c":true}]},{"i":{"x":0.833,"y":0.833},"o":{"x":0.167,"y":0.167},"n":"0p833_0p833_0p167_0p167","t":27,"s":[{"i":[[0,0],[0,0],[-19.885,109.877],[0,0]],"o":[[0,0],[112.108,-13.039],[0,0],[0,0]],"v":[[-183.474,-49.464],[-14.617,157.437],[207.387,-50.931],[84.575,-150.916]],"c":true}],"e":[{"i":[[0,0],[0,0],[-19.885,109.877],[0,0]],"o":[[0,0],[112.108,-13.039],[0,0],[0,0]],"v":[[-189.878,-45.061],[-14.617,157.437],[207.387,-50.931],[85.315,-148.683]],"c":true}]},{"i":{"x":0.833,"y":0.833},"o":{"x":0.167,"y":0.167},"n":"0p833_0p833_0p167_0p167","t":36,"s":[{"i":[[0,0],[0,0],[-19.885,109.877],[0,0]],"o":[[0,0],[112.108,-13.039],[0,0],[0,0]],"v":[[-189.878,-45.061],[-14.617,157.437],[207.387,-50.931],[85.315,-148.683]],"c":true}],"e":[{"i":[[0,0],[0,0],[-19.885,109.877],[0,0]],"o":[[0,0],[112.108,-13.039],[0,0],[0,0]],"v":[[-209.805,-30.115],[-14.617,157.437],[207.387,-50.931],[107.235,-156.654]],"c":true}]},{"i":{"x":0.833,"y":0.833},"o":{"x":0.167,"y":0.167},"n":"0p833_0p833_0p167_0p167","t":47,"s":[{"i":[[0,0],[0,0],[-19.885,109.877],[0,0]],"o":[[0,0],[112.108,-13.039],[0,0],[0,0]],"v":[[-209.805,-30.115],[-14.617,157.437],[207.387,-50.931],[107.235,-156.654]],"c":true}],"e":[{"i":[[0,0],[0,0],[-19.885,109.877],[0,0]],"o":[[0,0],[112.108,-13.039],[0,0],[0,0]],"v":[[-207.387,-35.334],[-14.617,157.438],[207.387,-50.931],[100.88,-157.437]],"c":true}]},{"i":{"x":0.667,"y":1},"o":{"x":0.167,"y":0.167},"n":"0p667_1_0p167_0p167","t":58,"s":[{"i":[[0,0],[0,0],[-19.885,109.877],[0,0]],"o":[[0,0],[112.108,-13.039],[0,0],[0,0]],"v":[[-207.387,-35.334],[-14.617,157.438],[207.387,-50.931],[100.88,-157.437]],"c":true}],"e":[{"i":[[0,0],[0,0],[-19.885,109.877],[0,0]],"o":[[0,0],[112.108,-13.039],[0,0],[0,0]],"v":[[-207.387,-35.334],[-14.617,157.438],[207.387,-50.931],[100.88,-157.437]],"c":true}]},{"i":{"x":0.667,"y":1},"o":{"x":0.167,"y":0.167},"n":"0p667_1_0p167_0p167","t":70.001,"s":[{"i":[[0,0],[0,0],[-19.885,109.877],[0,0]],"o":[[0,0],[112.108,-13.039],[0,0],[0,0]],"v":[[-207.387,-35.334],[-14.617,157.438],[207.387,-50.931],[100.88,-157.437]],"c":true}],"e":[{"i":[[0,0],[0,0],[-19.885,109.877],[0,0]],"o":[[0,0],[112.108,-13.039],[0,0],[0,0]],"v":[[-210.387,-30.334],[-17.617,152.438],[201.387,-52.931],[94.88,-152.437]],"c":true}]},{"i":{"x":0.667,"y":1},"o":{"x":0.167,"y":0.167},"n":"0p667_1_0p167_0p167","t":90.001,"s":[{"i":[[0,0],[0,0],[-19.885,109.877],[0,0]],"o":[[0,0],[112.108,-13.039],[0,0],[0,0]],"v":[[-210.387,-30.334],[-17.617,152.438],[201.387,-52.931],[94.88,-152.437]],"c":true}],"e":[{"i":[[0,0],[0,0],[-19.885,109.877],[0,0]],"o":[[0,0],[112.108,-13.039],[0,0],[0,0]],"v":[[-205.387,-35.333],[-9.617,162.438],[212.387,-46.931],[101.88,-153.437]],"c":true}]},{"i":{"x":0.667,"y":1},"o":{"x":0.167,"y":0.167},"n":"0p667_1_0p167_0p167","t":103.001,"s":[{"i":[[0,0],[0,0],[-19.885,109.877],[0,0]],"o":[[0,0],[112.108,-13.039],[0,0],[0,0]],"v":[[-205.387,-35.333],[-9.617,162.438],[212.387,-46.931],[101.88,-153.437]],"c":true}],"e":[{"i":[[0,0],[0,0],[-19.885,109.877],[0,0]],"o":[[0,0],[112.108,-13.039],[0,0],[0,0]],"v":[[-208.387,-42.334],[-2.617,170.438],[217.387,-40.931],[105.88,-150.437]],"c":true}]},{"i":{"x":0.667,"y":1},"o":{"x":0.167,"y":0.167},"n":"0p667_1_0p167_0p167","t":110.001,"s":[{"i":[[0,0],[0,0],[-19.885,109.877],[0,0]],"o":[[0,0],[112.108,-13.039],[0,0],[0,0]],"v":[[-208.387,-42.334],[-2.617,170.438],[217.387,-40.931],[105.88,-150.437]],"c":true}],"e":[{"i":[[0,0],[0,0],[-19.885,109.877],[0,0]],"o":[[0,0],[112.108,-13.039],[0,0],[0,0]],"v":[[-199.387,-31.334],[-13.617,152.438],[201.387,-51.931],[115.88,-137.437]],"c":true}]},{"i":{"x":0.667,"y":1},"o":{"x":0.167,"y":0.167},"n":"0p667_1_0p167_0p167","t":119.001,"s":[{"i":[[0,0],[0,0],[-19.885,109.877],[0,0]],"o":[[0,0],[112.108,-13.039],[0,0],[0,0]],"v":[[-199.387,-31.334],[-13.617,152.438],[201.387,-51.931],[115.88,-137.437]],"c":true}],"e":[{"i":[[0,0],[0,0],[-19.885,109.877],[0,0]],"o":[[0,0],[112.108,-13.039],[0,0],[0,0]],"v":[[-207.387,-35.334],[-14.617,157.438],[207.387,-50.931],[100.88,-157.437]],"c":true}]},{"t":125.000926105706}],"ix":2},"nm":"Caminho 1","mn":"ADBE Vector Shape - Group","hd":false},{"ty":"fl","c":{"a":0,"k":[0.0039,0.6157,0.5686,1],"ix":4},"o":{"a":0,"k":100,"ix":5},"r":1,"nm":"Preenchimento 1","mn":"ADBE Vector Graphic - Fill","hd":false},{"ty":"tr","p":{"a":0,"k":[207.637,157.688],"ix":2},"a":{"a":0,"k":[0,0],"ix":1},"s":{"a":0,"k":[100,100],"ix":3},"r":{"a":0,"k":0,"ix":6},"o":{"a":0,"k":100,"ix":7},"sk":{"a":0,"k":0,"ix":4},"sa":{"a":0,"k":0,"ix":5},"nm":"Transformar"}],"nm":"Grupo 1","np":2,"cix":2,"ix":1,"mn":"ADBE Vector Group","hd":false},{"ty":"tm","s":{"a":1,"k":[{"i":{"x":[0.833],"y":[0.833]},"o":{"x":[0.167],"y":[0.167]},"n":["0p833_0p833_0p167_0p167"],"t":0,"s":[100],"e":[0]},{"t":24.0001778122956}],"ix":1},"e":{"a":0,"k":100,"ix":2},"o":{"a":0,"k":0,"ix":3},"m":1,"ix":2,"nm":"Aparar caminhos 1","mn":"ADBE Vector Filter - Trim","hd":false}],"ip":0,"op":150.001111326848,"st":0,"bm":0},{"ddd":0,"ind":4,"ty":4,"nm":"Camada 5 contornos","sr":1,"ks":{"o":{"a":0,"k":100,"ix":11},"r":{"a":1,"k":[{"i":{"x":[0.833],"y":[0.833]},"o":{"x":[0.167],"y":[0.167]},"n":["0p833_0p833_0p167_0p167"],"t":0,"s":[0],"e":[0]},{"t":17.0001259503761}],"ix":10},"p":{"a":1,"k":[{"i":{"x":0.833,"y":0.833},"o":{"x":0.167,"y":0.167},"n":"0p833_0p833_0p167_0p167","t":0,"s":[400.504,452.817,0],"e":[391.504,434.817,0],"to":[-1.5,-3,0],"ti":[-0.33333334326744,-0.66666668653488,0]},{"i":{"x":0.833,"y":0.833},"o":{"x":0.167,"y":0.167},"n":"0p833_0p833_0p167_0p167","t":17,"s":[391.504,434.817,0],"e":[402.504,456.817,0],"to":[0.33333334326744,0.66666668653488,0],"ti":[-1.5,-3,0]},{"i":{"x":0.833,"y":0.833},"o":{"x":0.167,"y":0.167},"n":"0p833_0p833_0p167_0p167","t":37,"s":[402.504,456.817,0],"e":[400.504,452.817,0],"to":[1.5,3,0],"ti":[0.33333334326744,0.66666668653488,0]},{"t":48.0003556245912}],"ix":2},"a":{"a":0,"k":[207.637,157.688,0],"ix":1},"s":{"a":1,"k":[{"i":{"x":[0.833,0.833,0.833],"y":[0.833,0.833,0.833]},"o":{"x":[0.167,0.167,0.167],"y":[0.167,0.167,0.167]},"n":["0p833_0p833_0p167_0p167","0p833_0p833_0p167_0p167","0p833_0p833_0p167_0p167"],"t":0,"s":[100,100,100],"e":[80,80,100]},{"i":{"x":[0.833,0.833,0.833],"y":[0.833,0.833,0.833]},"o":{"x":[0.167,0.167,0.167],"y":[0.167,0.167,0.167]},"n":["0p833_0p833_0p167_0p167","0p833_0p833_0p167_0p167","0p833_0p833_0p167_0p167"],"t":17,"s":[80,80,100],"e":[104,104,100]},{"i":{"x":[0.833,0.833,0.833],"y":[0.833,0.833,0.833]},"o":{"x":[0.167,0.167,0.167],"y":[0.167,0.167,0.167]},"n":["0p833_0p833_0p167_0p167","0p833_0p833_0p167_0p167","0p833_0p833_0p167_0p167"],"t":37,"s":[104,104,100],"e":[100,100,100]},{"t":48.0003556245912}],"ix":6}},"ao":0,"shapes":[{"ty":"gr","it":[{"ind":0,"ty":"sh","ix":1,"ks":{"a":1,"k":[{"i":{"x":0.833,"y":0.833},"o":{"x":0.167,"y":0.167},"n":"0p833_0p833_0p167_0p167","t":0,"s":[{"i":[[0,0],[0,0],[-19.885,109.877],[0,0]],"o":[[0,0],[112.108,-13.039],[0,0],[0,0]],"v":[[-207.387,-35.334],[-14.617,157.438],[207.387,-50.931],[100.88,-157.437]],"c":true}],"e":[{"i":[[0,0],[0,0],[-19.885,109.877],[0,0]],"o":[[0,0],[112.108,-13.039],[0,0],[0,0]],"v":[[-209.78,-32.941],[-14.617,157.438],[207.388,-50.931],[100.88,-157.437]],"c":true}]},{"i":{"x":0.833,"y":0.833},"o":{"x":0.167,"y":0.167},"n":"0p833_0p833_0p167_0p167","t":20,"s":[{"i":[[0,0],[0,0],[-19.885,109.877],[0,0]],"o":[[0,0],[112.108,-13.039],[0,0],[0,0]],"v":[[-209.78,-32.941],[-14.617,157.438],[207.388,-50.931],[100.88,-157.437]],"c":true}],"e":[{"i":[[0,0],[0,0],[-19.885,109.877],[0,0]],"o":[[0,0],[112.108,-13.039],[0,0],[0,0]],"v":[[-178.04,-45.116],[-14.617,157.437],[207.387,-50.931],[85.662,-148.742]],"c":true}]},{"t":27.0002000388326}],"ix":2},"nm":"Caminho 1","mn":"ADBE Vector Shape - Group","hd":false},{"ty":"fl","c":{"a":0,"k":[0.0314,0.3412,0.6275,1],"ix":4},"o":{"a":0,"k":100,"ix":5},"r":1,"nm":"Preenchimento 1","mn":"ADBE Vector Graphic - Fill","hd":false},{"ty":"tr","p":{"a":0,"k":[207.637,157.688],"ix":2},"a":{"a":0,"k":[0,0],"ix":1},"s":{"a":0,"k":[100,100],"ix":3},"r":{"a":0,"k":0,"ix":6},"o":{"a":0,"k":100,"ix":7},"sk":{"a":0,"k":0,"ix":4},"sa":{"a":0,"k":0,"ix":5},"nm":"Transformar"}],"nm":"Grupo 1","np":2,"cix":2,"ix":1,"mn":"ADBE Vector Group","hd":false}],"ip":0,"op":25.0001852211413,"st":0,"bm":0},{"ddd":0,"ind":5,"ty":0,"nm":"Camada 4/nuvem_envio","refId":"comp_0","sr":1,"ks":{"o":{"a":0,"k":100,"ix":11},"r":{"a":1,"k":[{"i":{"x":[0.833],"y":[0.833]},"o":{"x":[0.167],"y":[0.167]},"n":["0p833_0p833_0p167_0p167"],"t":0,"s":[0],"e":[0]},{"t":17.0001259503761}],"ix":10},"p":{"a":1,"k":[{"i":{"x":0.833,"y":0.833},"o":{"x":0.167,"y":0.167},"n":"0p833_0p833_0p167_0p167","t":0,"s":[356,356,0],"e":[356,356,0],"to":[0,0,0],"ti":[0,0,0]},{"t":17.0001259503761}],"ix":2},"a":{"a":0,"k":[306.201,306.201,0],"ix":1},"s":{"a":1,"k":[{"i":{"x":[0.833,0.833,0.833],"y":[0.833,0.833,0.833]},"o":{"x":[0.167,0.167,0.167],"y":[0.167,0.167,0.167]},"n":["0p833_0p833_0p167_0p167","0p833_0p833_0p167_0p167","0p833_0p833_0p167_0p167"],"t":0,"s":[100,100,100],"e":[80,80,100]},{"i":{"x":[0.833,0.833,0.833],"y":[0.833,0.833,0.833]},"o":{"x":[0.167,0.167,0.167],"y":[0.167,0.167,0.167]},"n":["0p833_0p833_0p167_0p167","0p833_0p833_0p167_0p167","0p833_0p833_0p167_0p167"],"t":17,"s":[80,80,100],"e":[104,104,100]},{"i":{"x":[0.833,0.833,0.833],"y":[0.833,0.833,0.833]},"o":{"x":[0.167,0.167,0.167],"y":[0.167,0.167,0.167]},"n":["0p833_0p833_0p167_0p167","0p833_0p833_0p167_0p167","0p833_0p833_0p167_0p167"],"t":37,"s":[104,104,100],"e":[100,100,100]},{"i":{"x":[0.667,0.667,0.667],"y":[1,1,1]},"o":{"x":[0.167,0.167,0.167],"y":[0,0,0]},"n":["0p667_1_0p167_0","0p667_1_0p167_0","0p667_1_0p167_0"],"t":48,"s":[100,100,100],"e":[100,100,100]},{"i":{"x":[0.667,0.667,0.667],"y":[1,1,1]},"o":{"x":[0.167,0.167,0.167],"y":[0.167,0.167,0]},"n":["0p667_1_0p167_0p167","0p667_1_0p167_0p167","0p667_1_0p167_0"],"t":70.001,"s":[100,100,100],"e":[98,98,100]},{"i":{"x":[0.667,0.667,0.667],"y":[1,1,1]},"o":{"x":[0.167,0.167,0.167],"y":[0.167,0.167,0]},"n":["0p667_1_0p167_0p167","0p667_1_0p167_0p167","0p667_1_0p167_0"],"t":90.001,"s":[98,98,100],"e":[102,102,100]},{"i":{"x":[0.667,0.667,0.667],"y":[1,1,1]},"o":{"x":[0.167,0.167,0.167],"y":[0.167,0.167,0]},"n":["0p667_1_0p167_0p167","0p667_1_0p167_0p167","0p667_1_0p167_0"],"t":102.001,"s":[102,102,100],"e":[105,105,100]},{"i":{"x":[0.667,0.667,0.667],"y":[1,1,1]},"o":{"x":[0.167,0.167,0.167],"y":[0.167,0.167,0]},"n":["0p667_1_0p167_0p167","0p667_1_0p167_0p167","0p667_1_0p167_0"],"t":110.001,"s":[105,105,100],"e":[98,98,100]},{"i":{"x":[0.667,0.667,0.667],"y":[1,1,1]},"o":{"x":[0.167,0.167,0.167],"y":[0.167,0.167,0]},"n":["0p667_1_0p167_0p167","0p667_1_0p167_0p167","0p667_1_0p167_0"],"t":119.001,"s":[98,98,100],"e":[100,100,100]},{"t":125.000926105706}],"ix":6}},"ao":0,"w":613,"h":613,"ip":0,"op":158.001170597613,"st":0,"bm":0},{"ddd":0,"ind":6,"ty":4,"nm":"Camada 4 contornos 7","sr":1,"ks":{"o":{"a":1,"k":[{"i":{"x":[0.833],"y":[0.833]},"o":{"x":[0.167],"y":[0.167]},"n":["0p833_0p833_0p167_0p167"],"t":94.001,"s":[100],"e":[0]},{"t":149.001103918002}],"ix":11},"r":{"a":0,"k":0,"ix":10},"p":{"a":0,"k":[356,356,0],"ix":2},"a":{"a":0,"k":[256.25,256.25,0],"ix":1},"s":{"a":1,"k":[{"i":{"x":[0.667,0.667,0.667],"y":[1,1,1]},"o":{"x":[0.167,0.167,0.167],"y":[0,0,0]},"n":["0p667_1_0p167_0","0p667_1_0p167_0","0p667_1_0p167_0"],"t":74.001,"s":[100,100,100],"e":[100,100,100]},{"i":{"x":[0.667,0.667,0.667],"y":[1,1,1]},"o":{"x":[0.167,0.167,0.167],"y":[0.167,0.167,-0.168]},"n":["0p667_1_0p167_0p167","0p667_1_0p167_0p167","0p667_1_0p167_-0p168"],"t":81.001,"s":[100,100,100],"e":[98,98,100]},{"i":{"x":[0.667,0.667,0.667],"y":[1,1,1]},"o":{"x":[0.167,0.167,0.167],"y":[0.167,0.167,0.293]},"n":["0p667_1_0p167_0p167","0p667_1_0p167_0p167","0p667_1_0p167_0p293"],"t":101.001,"s":[98,98,100],"e":[135,135,100]},{"t":149.001103918002}],"ix":6}},"ao":0,"ef":[{"ty":26,"nm":"Radial Wipe","np":7,"mn":"ADBE Radial Wipe","ix":1,"en":1,"ef":[{"ty":0,"nm":"ConclusÃÂ£o da transiÃÂ§ÃÂ£o","mn":"ADBE Radial Wipe-0001","ix":1,"v":{"a":0,"k":0,"ix":1}},{"ty":0,"nm":"ÃÂngulo inicial","mn":"ADBE Radial Wipe-0002","ix":2,"v":{"a":0,"k":0,"ix":2}},{"ty":3,"nm":"Centro da abertura","mn":"ADBE Radial Wipe-0003","ix":3,"v":{"a":0,"k":[720.9,720.9],"ix":3,"x":"var $bm_rt;\n$bm_rt = [\n    thisLayer.width / 2,\n    thisLayer.height / 2\n];"}},{"ty":7,"nm":"Abertura","mn":"ADBE Radial Wipe-0004","ix":4,"v":{"a":0,"k":2,"ix":4}},{"ty":0,"nm":"DifusÃÂ£o","mn":"ADBE Radial Wipe-0005","ix":5,"v":{"a":0,"k":0,"ix":5}}]}],"shapes":[{"ty":"gr","it":[{"ind":0,"ty":"sh","ix":1,"ks":{"a":0,"k":{"i":[[-141.385,0],[0,-141.385],[141.385,0],[0,141.385]],"o":[[141.385,0],[0,141.385],[-141.385,0],[0,-141.385]],"v":[[0,-256],[256,0],[0,256],[-256,0]],"c":true},"ix":2},"nm":"Caminho 1","mn":"ADBE Vector Shape - Group","hd":false},{"ty":"fl","c":{"a":0,"k":[0,0.8667,0.702,1],"ix":4},"o":{"a":0,"k":100,"ix":5},"r":1,"nm":"Preenchimento 1","mn":"ADBE Vector Graphic - Fill","hd":false},{"ty":"tr","p":{"a":0,"k":[256.25,256.25],"ix":2},"a":{"a":0,"k":[0,0],"ix":1},"s":{"a":0,"k":[100,100],"ix":3},"r":{"a":0,"k":0,"ix":6},"o":{"a":0,"k":100,"ix":7},"sk":{"a":0,"k":0,"ix":4},"sa":{"a":0,"k":0,"ix":5},"nm":"Transformar"}],"nm":"Grupo 1","np":2,"cix":2,"ix":1,"mn":"ADBE Vector Group","hd":false}],"ip":74.0005482545781,"op":150.001111326848,"st":5.00003704422825,"bm":0},{"ddd":0,"ind":7,"ty":4,"nm":"Camada 4 contornos 6","sr":1,"ks":{"o":{"a":1,"k":[{"i":{"x":[0.833],"y":[0.833]},"o":{"x":[0.167],"y":[0.167]},"n":["0p833_0p833_0p167_0p167"],"t":90.001,"s":[100],"e":[0]},{"t":136.001007603009}],"ix":11},"r":{"a":0,"k":0,"ix":10},"p":{"a":0,"k":[356,356,0],"ix":2},"a":{"a":0,"k":[256.25,256.25,0],"ix":1},"s":{"a":1,"k":[{"i":{"x":[0.667,0.667,0.667],"y":[1,1,1]},"o":{"x":[0.167,0.167,0.167],"y":[0,0,0]},"n":["0p667_1_0p167_0","0p667_1_0p167_0","0p667_1_0p167_0"],"t":70.001,"s":[100,100,100],"e":[100,100,100]},{"i":{"x":[0.667,0.667,0.667],"y":[1,1,1]},"o":{"x":[0.167,0.167,0.167],"y":[0.167,0.167,-0.168]},"n":["0p667_1_0p167_0p167","0p667_1_0p167_0p167","0p667_1_0p167_-0p168"],"t":77.001,"s":[100,100,100],"e":[98,98,100]},{"i":{"x":[0.667,0.667,0.667],"y":[1,1,1]},"o":{"x":[0.167,0.167,0.167],"y":[0.167,0.167,0.293]},"n":["0p667_1_0p167_0p167","0p667_1_0p167_0p167","0p667_1_0p167_0p293"],"t":97.001,"s":[98,98,100],"e":[135,135,100]},{"t":136.001007603009}],"ix":6}},"ao":0,"ef":[{"ty":26,"nm":"Radial Wipe","np":7,"mn":"ADBE Radial Wipe","ix":1,"en":1,"ef":[{"ty":0,"nm":"ConclusÃÂ£o da transiÃÂ§ÃÂ£o","mn":"ADBE Radial Wipe-0001","ix":1,"v":{"a":0,"k":0,"ix":1}},{"ty":0,"nm":"ÃÂngulo inicial","mn":"ADBE Radial Wipe-0002","ix":2,"v":{"a":0,"k":0,"ix":2}},{"ty":3,"nm":"Centro da abertura","mn":"ADBE Radial Wipe-0003","ix":3,"v":{"a":0,"k":[720.9,720.9],"ix":3,"x":"var $bm_rt;\n$bm_rt = [\n    thisLayer.width / 2,\n    thisLayer.height / 2\n];"}},{"ty":7,"nm":"Abertura","mn":"ADBE Radial Wipe-0004","ix":4,"v":{"a":0,"k":2,"ix":4}},{"ty":0,"nm":"DifusÃÂ£o","mn":"ADBE Radial Wipe-0005","ix":5,"v":{"a":0,"k":0,"ix":5}}]}],"shapes":[{"ty":"gr","it":[{"ind":0,"ty":"sh","ix":1,"ks":{"a":0,"k":{"i":[[-141.385,0],[0,-141.385],[141.385,0],[0,141.385]],"o":[[141.385,0],[0,141.385],[-141.385,0],[0,-141.385]],"v":[[0,-256],[256,0],[0,256],[-256,0]],"c":true},"ix":2},"nm":"Caminho 1","mn":"ADBE Vector Shape - Group","hd":false},{"ty":"fl","c":{"a":0,"k":[0,0.8667,0.702,1],"ix":4},"o":{"a":0,"k":100,"ix":5},"r":1,"nm":"Preenchimento 1","mn":"ADBE Vector Graphic - Fill","hd":false},{"ty":"tr","p":{"a":0,"k":[256.25,256.25],"ix":2},"a":{"a":0,"k":[0,0],"ix":1},"s":{"a":0,"k":[100,100],"ix":3},"r":{"a":0,"k":0,"ix":6},"o":{"a":0,"k":100,"ix":7},"sk":{"a":0,"k":0,"ix":4},"sa":{"a":0,"k":0,"ix":5},"nm":"Transformar"}],"nm":"Grupo 1","np":2,"cix":2,"ix":1,"mn":"ADBE Vector Group","hd":false}],"ip":70.0005186191955,"op":150.001111326848,"st":1.00000740884565,"bm":0},{"ddd":0,"ind":8,"ty":4,"nm":"Camada 4 contornos 2","sr":1,"ks":{"o":{"a":1,"k":[{"i":{"x":[0.833],"y":[0.833]},"o":{"x":[0.167],"y":[0.167]},"n":["0p833_0p833_0p167_0p167"],"t":89.001,"s":[100],"e":[0]},{"t":119.000881652632}],"ix":11},"r":{"a":0,"k":0,"ix":10},"p":{"a":0,"k":[356,356,0],"ix":2},"a":{"a":0,"k":[256.25,256.25,0],"ix":1},"s":{"a":1,"k":[{"i":{"x":[0.667,0.667,0.667],"y":[1,1,1]},"o":{"x":[0.167,0.167,0.167],"y":[0,0,0]},"n":["0p667_1_0p167_0","0p667_1_0p167_0","0p667_1_0p167_0"],"t":69.001,"s":[100,100,100],"e":[100,100,100]},{"i":{"x":[0.667,0.667,0.667],"y":[1,1,1]},"o":{"x":[0.167,0.167,0.167],"y":[0.167,0.167,-0.168]},"n":["0p667_1_0p167_0p167","0p667_1_0p167_0p167","0p667_1_0p167_-0p168"],"t":76.001,"s":[100,100,100],"e":[98,98,100]},{"i":{"x":[0.667,0.667,0.667],"y":[1,1,1]},"o":{"x":[0.167,0.167,0.167],"y":[0.167,0.167,0.293]},"n":["0p667_1_0p167_0p167","0p667_1_0p167_0p167","0p667_1_0p167_0p293"],"t":96.001,"s":[98,98,100],"e":[135,135,100]},{"t":119.000881652632}],"ix":6}},"ao":0,"ef":[{"ty":26,"nm":"Radial Wipe","np":7,"mn":"ADBE Radial Wipe","ix":1,"en":1,"ef":[{"ty":0,"nm":"ConclusÃÂ£o da transiÃÂ§ÃÂ£o","mn":"ADBE Radial Wipe-0001","ix":1,"v":{"a":0,"k":0,"ix":1}},{"ty":0,"nm":"ÃÂngulo inicial","mn":"ADBE Radial Wipe-0002","ix":2,"v":{"a":0,"k":0,"ix":2}},{"ty":3,"nm":"Centro da abertura","mn":"ADBE Radial Wipe-0003","ix":3,"v":{"a":0,"k":[720.9,720.9],"ix":3,"x":"var $bm_rt;\n$bm_rt = [\n    thisLayer.width / 2,\n    thisLayer.height / 2\n];"}},{"ty":7,"nm":"Abertura","mn":"ADBE Radial Wipe-0004","ix":4,"v":{"a":0,"k":2,"ix":4}},{"ty":0,"nm":"DifusÃÂ£o","mn":"ADBE Radial Wipe-0005","ix":5,"v":{"a":0,"k":0,"ix":5}}]}],"shapes":[{"ty":"gr","it":[{"ind":0,"ty":"sh","ix":1,"ks":{"a":0,"k":{"i":[[-141.385,0],[0,-141.385],[141.385,0],[0,141.385]],"o":[[141.385,0],[0,141.385],[-141.385,0],[0,-141.385]],"v":[[0,-256],[256,0],[0,256],[-256,0]],"c":true},"ix":2},"nm":"Caminho 1","mn":"ADBE Vector Shape - Group","hd":false},{"ty":"fl","c":{"a":0,"k":[0,0.8667,0.702,1],"ix":4},"o":{"a":0,"k":100,"ix":5},"r":1,"nm":"Preenchimento 1","mn":"ADBE Vector Graphic - Fill","hd":false},{"ty":"tr","p":{"a":0,"k":[256.25,256.25],"ix":2},"a":{"a":0,"k":[0,0],"ix":1},"s":{"a":0,"k":[100,100],"ix":3},"r":{"a":0,"k":0,"ix":6},"o":{"a":0,"k":100,"ix":7},"sk":{"a":0,"k":0,"ix":4},"sa":{"a":0,"k":0,"ix":5},"nm":"Transformar"}],"nm":"Grupo 1","np":2,"cix":2,"ix":1,"mn":"ADBE Vector Group","hd":false}],"ip":69.0005112103499,"op":150.001111326848,"st":0,"bm":0},{"ddd":0,"ind":9,"ty":4,"nm":"Camada 4 contornos 3","sr":1,"ks":{"o":{"a":0,"k":100,"ix":11},"r":{"a":1,"k":[{"i":{"x":[0.833],"y":[0.833]},"o":{"x":[0.167],"y":[0.167]},"n":["0p833_0p833_0p167_0p167"],"t":0,"s":[0],"e":[0]},{"t":17.0001259503761}],"ix":10},"p":{"a":1,"k":[{"i":{"x":0.833,"y":0.833},"o":{"x":0.167,"y":0.167},"n":"0p833_0p833_0p167_0p167","t":0,"s":[356,356,0],"e":[356,356,0],"to":[0,0,0],"ti":[0,0,0]},{"t":17.0001259503761}],"ix":2},"a":{"a":0,"k":[256.25,256.25,0],"ix":1},"s":{"a":1,"k":[{"i":{"x":[0.833,0.833,0.833],"y":[0.833,0.833,0.833]},"o":{"x":[0.167,0.167,0.167],"y":[0.167,0.167,0.167]},"n":["0p833_0p833_0p167_0p167","0p833_0p833_0p167_0p167","0p833_0p833_0p167_0p167"],"t":0,"s":[100,100,100],"e":[79,79,100]},{"i":{"x":[0.833,0.833,0.833],"y":[0.833,0.833,0.833]},"o":{"x":[0.167,0.167,0.167],"y":[0.167,0.167,0.167]},"n":["0p833_0p833_0p167_0p167","0p833_0p833_0p167_0p167","0p833_0p833_0p167_0p167"],"t":17,"s":[79,79,100],"e":[104,104,100]},{"t":37.0002741272891}],"ix":6}},"ao":0,"shapes":[{"ty":"gr","it":[{"ind":0,"ty":"sh","ix":1,"ks":{"a":0,"k":{"i":[[-141.385,0],[0,-141.385],[141.385,0],[0,141.385]],"o":[[141.385,0],[0,141.385],[-141.385,0],[0,-141.385]],"v":[[0,-256],[256,0],[0,256],[-256,0]],"c":true},"ix":2},"nm":"Caminho 1","mn":"ADBE Vector Shape - Group","hd":false},{"ty":"fl","c":{"a":0,"k":[0.2,0.6133,1,1],"ix":4},"o":{"a":0,"k":100,"ix":5},"r":1,"nm":"Preenchimento 1","mn":"ADBE Vector Graphic - Fill","hd":false},{"ty":"tr","p":{"a":0,"k":[256.25,256.25],"ix":2},"a":{"a":0,"k":[0,0],"ix":1},"s":{"a":0,"k":[100,100],"ix":3},"r":{"a":0,"k":0,"ix":6},"o":{"a":0,"k":100,"ix":7},"sk":{"a":0,"k":0,"ix":4},"sa":{"a":0,"k":0,"ix":5},"nm":"Transformar"}],"nm":"Grupo 1","np":2,"cix":2,"ix":1,"mn":"ADBE Vector Group","hd":false}],"ip":0,"op":38.0002815361347,"st":0,"bm":0},{"ddd":0,"ind":10,"ty":4,"nm":"Camada 4 contornos 4","sr":1,"ks":{"o":{"a":0,"k":100,"ix":11},"r":{"a":1,"k":[{"i":{"x":[0.833],"y":[0.833]},"o":{"x":[0.167],"y":[0.167]},"n":["0p833_0p833_0p167_0p167"],"t":8,"s":[0],"e":[0]},{"t":25.0001852211413}],"ix":10},"p":{"a":1,"k":[{"i":{"x":0.833,"y":0.833},"o":{"x":0.167,"y":0.167},"n":"0p833_0p833_0p167_0p167","t":8,"s":[356,356,0],"e":[356,356,0],"to":[0,0,0],"ti":[0,0,0]},{"t":25.0001852211413}],"ix":2},"a":{"a":0,"k":[256.25,256.25,0],"ix":1},"s":{"a":1,"k":[{"i":{"x":[0.833,0.833,0.833],"y":[0.833,0.833,0.833]},"o":{"x":[0.167,0.167,0.167],"y":[0.167,0.167,0.167]},"n":["0p833_0p833_0p167_0p167","0p833_0p833_0p167_0p167","0p833_0p833_0p167_0p167"],"t":8,"s":[100,100,100],"e":[80,80,100]},{"t":25.0001852211413}],"ix":6}},"ao":0,"shapes":[{"ty":"gr","it":[{"ind":0,"ty":"sh","ix":1,"ks":{"a":0,"k":{"i":[[-141.385,0],[0,-141.385],[141.385,0],[0,141.385]],"o":[[141.385,0],[0,141.385],[-141.385,0],[0,-141.385]],"v":[[0,-256],[256,0],[0,256],[-256,0]],"c":true},"ix":2},"nm":"Caminho 1","mn":"ADBE Vector Shape - Group","hd":false},{"ty":"fl","c":{"a":0,"k":[0.62,1,0.9683,1],"ix":4},"o":{"a":0,"k":100,"ix":5},"r":1,"nm":"Preenchimento 1","mn":"ADBE Vector Graphic - Fill","hd":false},{"ty":"tr","p":{"a":0,"k":[256.25,256.25],"ix":2},"a":{"a":0,"k":[0,0],"ix":1},"s":{"a":0,"k":[100,100],"ix":3},"r":{"a":0,"k":0,"ix":6},"o":{"a":0,"k":100,"ix":7},"sk":{"a":0,"k":0,"ix":4},"sa":{"a":0,"k":0,"ix":5},"nm":"Transformar"}],"nm":"Grupo 1","np":2,"cix":2,"ix":1,"mn":"ADBE Vector Group","hd":false}],"ip":0,"op":30.0002222653695,"st":7.00005186191956,"bm":0},{"ddd":0,"ind":11,"ty":4,"nm":"Camada 4 contornos","sr":1,"ks":{"o":{"a":0,"k":100,"ix":11},"r":{"a":1,"k":[{"i":{"x":[0.833],"y":[0.833]},"o":{"x":[0.167],"y":[0.167]},"n":["0p833_0p833_0p167_0p167"],"t":15,"s":[0],"e":[0]},{"t":32.0002370830608}],"ix":10},"p":{"a":1,"k":[{"i":{"x":0.833,"y":0.833},"o":{"x":0.167,"y":0.167},"n":"0p833_0p833_0p167_0p167","t":15,"s":[356,356,0],"e":[356,356,0],"to":[0,0,0],"ti":[0,0,0]},{"t":32.0002370830608}],"ix":2},"a":{"a":0,"k":[256.25,256.25,0],"ix":1},"s":{"a":1,"k":[{"i":{"x":[0.833,0.833,0.833],"y":[0.833,0.833,0.833]},"o":{"x":[0.167,0.167,0.167],"y":[0.167,0.167,0.167]},"n":["0p833_0p833_0p167_0p167","0p833_0p833_0p167_0p167","0p833_0p833_0p167_0p167"],"t":15,"s":[100,100,100],"e":[80,80,100]},{"t":32.0002370830608}],"ix":6}},"ao":0,"shapes":[{"ty":"gr","it":[{"ind":0,"ty":"sh","ix":1,"ks":{"a":0,"k":{"i":[[-141.385,0],[0,-141.385],[141.385,0],[0,141.385]],"o":[[141.385,0],[0,141.385],[-141.385,0],[0,-141.385]],"v":[[0,-256],[256,0],[0,256],[-256,0]],"c":true},"ix":2},"nm":"Caminho 1","mn":"ADBE Vector Shape - Group","hd":false},{"ty":"fl","c":{"a":0,"k":[0.86,1,0.9743,1],"ix":4},"o":{"a":0,"k":100,"ix":5},"r":1,"nm":"Preenchimento 1","mn":"ADBE Vector Graphic - Fill","hd":false},{"ty":"tr","p":{"a":0,"k":[256.25,256.25],"ix":2},"a":{"a":0,"k":[0,0],"ix":1},"s":{"a":0,"k":[100,100],"ix":3},"r":{"a":0,"k":0,"ix":6},"o":{"a":0,"k":100,"ix":7},"sk":{"a":0,"k":0,"ix":4},"sa":{"a":0,"k":0,"ix":5},"nm":"Transformar"}],"nm":"Grupo 1","np":2,"cix":2,"ix":1,"mn":"ADBE Vector Group","hd":false}],"ip":0,"op":30.0002222653695,"st":7.00005186191956,"bm":0}]}